# {"t_start": 1552495558.760532, "env_id": "MontezumaRevengeNoFrameskip-v4"} 
r,l,t
00.0,4862,14.22359200.0,2130,23.904350.00.0,2458,35.00814500.0,4266,46.2664480000.0,1454,50.5281420.0,1434,52.33230700.0,2610,56.357979
