# {"t_start": 1552231597.9948158, "env_id": "MontezumaRevengeNoFrameskip-v4"} 
r,l,t
0.0,4486,5.907179
0.0,1854,13.4779860.0.0,1362,18.7605860.0.0,3754,34.38643600.0,2622,45.1160060.0,21414,124.08523
