# {"t_start": 1550551141.296539, "env_id": "PongNoFrameskip-v4"} 
r,l,t---21.0,4703,12.16096----20.0,3795,21.43733-1-20.0,3855,24.550091-2-21.0,3536,33.715024

